{"cameraMode":{"drawMode":0,"name":"Shaded","section":"Shading Mode"},"sceneLighting":true,"audioPlay":false,"sceneViewState":{"m_AlwaysRefresh":false,"showFog":true,"showSkybox":true,"showFlares":true,"showImageEffects":true,"showParticleSystems":true,"showVisualEffectGraphs":true,"m_FxEnabled":true},"in2DMode":false,"pivot":{"x":-22.174457550048829,"y":6.3254570960998539,"z":-17.743085861206056},"rotation":{"x":0.30745217204093935,"y":-0.6829169988632202,"z":0.39419248700141909,"w":0.5326442122459412},"size":46.93811798095703,"orthographic":false}